{"dream":"Lucid Dream","confidence":32.64,"signal":[0.12,0.15,0.22,0.18,0.3,0.25,0.27,0.19,0.14,0.11],"bands":{"delta":0.135,"theta":0.2333333333333333,"alpha":0.26,"beta":0.14666666666666667},"probabilities":{"Lucid Dream":32.64,"Nightmare":17.29,"Memory Recall":23.7,"Normal Sleep":26.37}}